<?xml version="1.0"?>
<!DOCTYPE hibernate-mapping PUBLIC "-//Hibernate/Hibernate Mapping DTD 3.0//EN"
"http://hibernate.sourceforge.net/hibernate-mapping-3.0.dtd">
<!-- Generated Nov 1, 2013 7:05:48 PM by Hibernate Tools 3.4.0.CR1 -->
<hibernate-mapping>
    <class name="edu.weber.ntm.fblaem.databaseio.Event" table="Event" catalog="fblaem">
        <id name="id" type="java.lang.Integer">
            <column name="id" />
            <generator class="identity" />
        </id>
        <many-to-one name="eventType" class="edu.weber.ntm.fblaem.databaseio.EventType" lazy="false" fetch="join">
            <column name="EventTypeID" />
        </many-to-one>
        <property name="name" type="string">
            <column name="Name" />
        </property>
        <property name="minTeamSize" type="int">
            <column name="MinTeamSize" not-null="true" />
        </property>
        <property name="maxTeamSize" type="int">
            <column name="MaxTeamSize" not-null="true" />
        </property>
        <property name="maxEntriesPerSchool" type="int">
            <column name="MaxEntriesPerSchool" not-null="true" />
        </property>
        <property name="createdDate" type="timestamp">
            <column name="CreatedDate" length="0" />
        </property>
        <property name="details" type="string">
            <column name="Details" length="4000" />
        </property>
        <set name="eventInstances" table="EventInstance" inverse="true" lazy="false" fetch="join">
            <key>
                <column name="EventID" not-null="true" />
            </key>
            <one-to-many class="edu.weber.ntm.fblaem.databaseio.EventInstance" />
        </set>
    </class>
</hibernate-mapping>
