<?xml version="1.0"?>
<!DOCTYPE hibernate-mapping PUBLIC "-//Hibernate/Hibernate Mapping DTD 3.0//EN"
"http://hibernate.sourceforge.net/hibernate-mapping-3.0.dtd">
<!-- Generated Nov 1, 2013 7:05:48 PM by Hibernate Tools 3.4.0.CR1 -->
<hibernate-mapping>
    <class name="edu.weber.ntm.fblaem.databaseio.EventInstance" table="EventInstance" catalog="fblaem">
        <id name="id" type="java.lang.Integer">
            <column name="id" />
            <generator class="identity" />
        </id>
        <set name="teams" table="Team" inverse="true" lazy="false" fetch="join">
            <key column ="EventInstanceID"/>
            <one-to-many class="edu.weber.ntm.fblaem.databaseio.Team"/>
        </set>
        <property name="createdDate" type="timestamp">
            <column name="CreatedDate" length="0" />
        </property>	
        <property name="startTime" type="timestamp">
            <column name="StartTime" length="0" />
        </property>
        <property name="endTime" type="timestamp">
            <column name="EndTime" length="0"/>
        </property>
        <property name="location" type="string">
            <column name="Location" length="4000" />
        </property>
<!--         <property name="schoolId" type="int"> -->
<!--             <column name="schoolId" /> -->
<!--         </property>   -->
        <property name="eventId" type="int">
            <column name="EventID" />
        </property>    
    </class>
</hibernate-mapping>
