<?xml version="1.0"?>
<!DOCTYPE hibernate-mapping PUBLIC "-//Hibernate/Hibernate Mapping DTD 3.0//EN"
"http://hibernate.sourceforge.net/hibernate-mapping-3.0.dtd">
<!-- Generated Nov 1, 2013 7:05:48 PM by Hibernate Tools 3.4.0.CR1 -->
<hibernate-mapping>
    <class name="edu.weber.ntm.fblaem.databaseio.EventType" table="EventType" catalog="fblaem">
        <id name="id" type="java.lang.Integer">
            <column name="id" />
            <generator class="identity" />
        </id>
        <property name="typeName" type="string">
            <column name="TypeName" />
        </property>
        <set name="events" table="Event" inverse="true" lazy="false" fetch="join">
            <key>
                <column name="EventTypeID" />
            </key>
            <one-to-many class="edu.weber.ntm.fblaem.databaseio.Event" />
        </set>
    </class>
</hibernate-mapping>
