<?xml version="1.0" encoding="UTF-8"?>
<!DOCTYPE hibernate-configuration PUBLIC "-//Hibernate/Hibernate Configuration DTD 3.0//EN"
                                         "http://hibernate.sourceforge.net/hibernate-configuration-3.0.dtd">
<hibernate-configuration>
 <session-factory>
        <property name="jndi.url">file:///tmp</property>
<property name="hibernate.current_session_context_class">org.hibernate.context.ThreadLocalSessionContext</property>
  <property name="hibernate.connection.driver_class">com.mysql.jdbc.Driver</property>
  <property name="hibernate.connection.password">FBLA_EM</property>
  <property name="hibernate.connection.url">jdbc:mysql://orthanc.jrw.org:3306/fblaem</property>
  <property name="hibernate.connection.username">fblaem</property>
  <property name="hibernate.dialect">org.hibernate.dialect.MySQLDialect</property>
  <mapping resource="School.hbm.xml"/>
  <mapping resource="Student.hbm.xml"/>
  <mapping resource="Teacher.hbm.xml"/>
  <mapping resource="StudentTeam.hbm.xml"/>
  <mapping resource="Team.hbm.xml"/> 
  <mapping resource="Role.hbm.xml"/>
  <mapping resource="Login.hbm.xml"/>
  <mapping resource="Event.hbm.xml"/>
  <mapping resource="EventType.hbm.xml"/>
  <mapping resource="EventInstance.hbm.xml"/>
  
 </session-factory>
</hibernate-configuration>
