<?xml version="1.0" encoding="UTF-8"?>
<!DOCTYPE hibernate-reverse-engineering PUBLIC "-//Hibernate/Hibernate Reverse Engineering DTD 3.0//EN" "http://hibernate.sourceforge.net/hibernate-reverse-engineering-3.0.dtd" >

<hibernate-reverse-engineering>
  <table-filter match-catalog="fblaem" match-name="Event"/>
  <table-filter match-catalog="fblaem" match-name="EventInstance"/>
  <table-filter match-catalog="fblaem" match-name="EventType"/>
  <table-filter match-catalog="fblaem" match-name="Login"/>
  <table-filter match-catalog="fblaem" match-name="Role"/>
  <table-filter match-catalog="fblaem" match-name="School"/>
  <table-filter match-catalog="fblaem" match-name="Student"/>
  <table-filter match-catalog="fblaem" match-name="StudentEventTeam"/>
  <table-filter match-catalog="fblaem" match-name="Teacher"/>
  <table-filter match-catalog="fblaem" match-name="Team"/>
</hibernate-reverse-engineering>