<?xml version="1.0"?>
<!DOCTYPE hibernate-mapping PUBLIC "-//Hibernate/Hibernate Mapping DTD 3.0//EN"
"http://hibernate.sourceforge.net/hibernate-mapping-3.0.dtd">
<!-- Generated Nov 1, 2013 7:05:48 PM by Hibernate Tools 3.4.0.CR1 -->
<hibernate-mapping>
    <class name="edu.weber.ntm.fblaem.databaseio.Login" table="Login" catalog="fblaem">
        <id name="id" type="java.lang.Integer">
            <column name="id" />
            <generator class="identity" />
        </id>
        <many-to-one name="teacher" class="edu.weber.ntm.fblaem.databaseio.Teacher" lazy="false" fetch="join">
            <column name="TeacherID" not-null="true" />
        </many-to-one>
        <many-to-one name="role" class="edu.weber.ntm.fblaem.databaseio.Role" lazy="false" fetch="join">
            <column name="RoleID" not-null="true" />
        </many-to-one>
        <property name="username" type="string">
            <column name="Username" not-null="true" />
        </property>
        <property name="password" type="string">
            <column name="Password" length="1000" not-null="true" />
        </property>
        <property name="lastLoginDate" type="timestamp">
            <column name="LastLoginDate" length="0" />
        </property>
    </class>
</hibernate-mapping>
