<?xml version="1.0"?>
<!DOCTYPE hibernate-mapping PUBLIC "-//Hibernate/Hibernate Mapping DTD 3.0//EN"
"http://hibernate.sourceforge.net/hibernate-mapping-3.0.dtd">
<!-- Generated Nov 1, 2013 7:05:48 PM by Hibernate Tools 3.4.0.CR1 -->
<hibernate-mapping>
    <class name="edu.weber.ntm.fblaem.databaseio.School" table="School" catalog="fblaem">
        <id name="id" type="java.lang.Integer">
            <column name="id" />
            <generator class="identity" />
        </id>
        <property name="name" type="string">
            <column name="Name" not-null="true" />
        </property>
        <property name="streetAddress" type="string">
            <column name="StreetAddress" not-null="true" />
        </property>
        <property name="city" type="string">
            <column name="City" not-null="true" />
        </property>
        <property name="state" type="string">
            <column name="State" not-null="true" />
        </property>
        <property name="zip" type="string">
            <column name="Zip" not-null="true" />
        </property>
        <property name="phone" type="string">
            <column name="Phone" length="20" not-null="true" />
        </property>
        <property name="createdDate" type="timestamp">
            <column name="CreatedDate" length="0" />
        </property>
        <set name="students" table="Student" inverse="false" lazy="false" fetch="join">
            <key>
                <column name="SchoolID" not-null="true" />
            </key>
            <one-to-many class="edu.weber.ntm.fblaem.databaseio.Student" />
        </set>
        <set name="teachers" table="Teacher" inverse="true" lazy="false" fetch="join">
            <key>
                <column name="SchoolID" not-null="true" />
            </key>
            <one-to-many class="edu.weber.ntm.fblaem.databaseio.Teacher" />
        </set>
    </class>
</hibernate-mapping>
