<?xml version="1.0"?>
<!DOCTYPE hibernate-mapping PUBLIC "-//Hibernate/Hibernate Mapping DTD 3.0//EN"
"http://hibernate.sourceforge.net/hibernate-mapping-3.0.dtd">
<!-- Generated Nov 1, 2013 7:05:48 PM by Hibernate Tools 3.4.0.CR1 -->
<hibernate-mapping>
    <class name="edu.weber.ntm.fblaem.databaseio.Student" table="Student" catalog="fblaem">
        <id name="id" type="java.lang.Integer">
            <column name="id" />
            <generator class="identity" />
        </id>
        <many-to-one name="school" class="edu.weber.ntm.fblaem.databaseio.School" lazy="false" fetch="join">
            <column name="SchoolID" not-null="true" />
        </many-to-one>
        <property name="firstName" type="string">
            <column name="FirstName" not-null="true" />
        </property>
        <property name="lastName" type="string">
            <column name="LastName" not-null="true" />
        </property>
        <property name="middleName" type="string">
            <column name="MiddleName" />
        </property>
        <property name="createDate" type="timestamp">
            <column name="CreateDate" length="0" />
        </property>
    </class>
</hibernate-mapping>
