<?xml version="1.0"?>
<!DOCTYPE hibernate-mapping PUBLIC "-//Hibernate/Hibernate Mapping DTD 3.0//EN"
"http://hibernate.sourceforge.net/hibernate-mapping-3.0.dtd">
<!-- Generated Nov 1, 2013 7:05:48 PM by Hibernate Tools 3.4.0.CR1 -->
<hibernate-mapping>
    <class name="edu.weber.ntm.fblaem.databaseio.Team" table="Team" catalog="fblaem">
        <id name="id" type="java.lang.Integer">
            <column name="id" />
            <generator class="identity" />
        </id>
        <property name="name" type="string">
            <column name="Name" />
        </property>
        <property name="maxIndividuals" type="string">
            <column name="MaxIndividuals" />
        </property>
        <property name="createdDate" type="timestamp">
            <column name="CreatedDate" length="0" />
        </property>
        <property name="EventInstanceID" type="int">
            <column name="EventInstanceID" />
        </property>
        <property name="schoolId" type="int">
            <column name="SchoolId" />
        </property>
        <set name="studentTeams" table="StudentTeam" inverse="true" lazy="false" fetch="join">
            <key>
                <column name="TeamID" not-null="true" />
            </key>
            <one-to-many class="edu.weber.ntm.fblaem.databaseio.StudentTeam" />
        </set>
    </class>
</hibernate-mapping>
